{
    "1": [
        0.016697049105616955,
        0.017534465079184235,
        0.021311382021191753,
        0.018799134100489917,
        0.018770650563974024,
        0.02536743762105503,
        0.017466104591546086,
        0.04805742280961604,
        0.08429417796513616,
        0.10117352170445484,
        0.09761307963996804,
        0.1252990771334169,
        0.09532300330409017,
        0.07452432494018463,
        0.06140480802096386,
        0.04253161672553268,
        0.027919562492879104,
        0.02687136834909424,
        0.03706847442178419,
        0.041973339409821134
    ],
    "2": [
        0.018949875995300874,
        0.03103380759691946,
        0.04715768176478267,
        0.045917634773528254,
        0.050411173476047504,
        0.05290432058478005,
        0.051086672758125576,
        0.046828090327633465,
        0.04798002871687771,
        0.043695340033938115,
        0.04762106774572506,
        0.058112517948048566,
        0.049360396815037184,
        0.0706076230257147,
        0.06364704346691029,
        0.07042814254013834,
        0.07670669625375275,
        0.05701279206369938,
        0.041551364051690354,
        0.02898773006134973
    ],
    "3": [
        0.015177120571985702,
        0.028904777380565492,
        0.03854403639909003,
        0.04243093922651934,
        0.0381052973675658,
        0.039444263893402685,
        0.02756256093597661,
        0.03435489112772184,
        0.036210594735131614,
        0.03844978875528112,
        0.038475788105297365,
        0.04909002274943124,
        0.049145271368215816,
        0.05330191745206371,
        0.07924926876828077,
        0.09347416314592137,
        0.1109587260318492,
        0.08435814104647392,
        0.0651218719532011,
        0.03764055898602538
    ],
    "4": [
        0.020078986960882648,
        0.022232321965897694,
        0.03505203109327983,
        0.028914869608826485,
        0.04023946840521565,
        0.04276893179538614,
        0.0332340772316951,
        0.03682923771313944,
        0.04028648445336006,
        0.0316073219658977,
        0.03912362086258773,
        0.043514919759277834,
        0.06756206118355056,
        0.12554225175526595,
        0.14532660481444318,
        0.1216493229689068,
        0.07045198094282853,
        0.024360581745235678,
        0.012857321965897684,
        0.01836760280842527
    ],
    "5": [
        0.014758425931610288,
        0.03194487077168641,
        0.06148320952790229,
        0.07488796120081036,
        0.06761311314383939,
        0.06566701454969612,
        0.04246730922708577,
        0.03897722389342501,
        0.03535821720179261,
        0.040002455644913754,
        0.03502363558229478,
        0.046396341089078516,
        0.04215421450058318,
        0.047949536497022556,
        0.04691202652096502,
        0.06233347657928667,
        0.08892811099515001,
        0.06113021057155144,
        0.05824482779790037,
        0.03776781877340544
    ],
    "6": [
        0.037928374655647384,
        0.04910743801652892,
        0.07419008264462809,
        0.08728650137741047,
        0.07774104683195593,
        0.0546115702479339,
        0.05220936639118457,
        0.037545454545454555,
        0.035534435261708,
        0.033752066115702466,
        0.03131680440771348,
        0.03630853994490361,
        0.036008264462809886,
        0.0407796143250689,
        0.034468319559228605,
        0.061005509641873304,
        0.07398898071625336,
        0.05769421487603319,
        0.05315702479338837,
        0.03536639118457306
    ],
    "7": [
        0.024650143314786713,
        0.025252908447142137,
        0.022348676445793286,
        0.027006407013994278,
        0.035150059011971,
        0.050682852807283754,
        0.03931040296745912,
        0.061039453717754266,
        0.07427499578485919,
        0.06408278536503115,
        0.07854071825998989,
        0.0667720451863092,
        0.06520401281402807,
        0.052596526723992475,
        0.08175687067948069,
        0.0614314618108245,
        0.05770106221547804,
        0.051643904906423926,
        0.031360647445624605,
        0.029194065081773697
    ],
    "8": [
        0.021501428993791274,
        0.04368286192963439,
        0.06632255839164285,
        0.08494875332610625,
        0.06954272198679412,
        0.061096875923918416,
        0.04486794126342762,
        0.039676751749285505,
        0.03288903124076082,
        0.03252192766334878,
        0.029585099044052432,
        0.03738789790085739,
        0.036907460333103395,
        0.04216024440721395,
        0.05080072927959004,
        0.072474623041293,
        0.08060017739233272,
        0.06885286291514738,
        0.05532916132847144,
        0.028850891889228344
    ],
    "9": [
        0.02959470636889992,
        0.04121312379376895,
        0.057344913151364765,
        0.0690488006617039,
        0.06750206782464847,
        0.042098152743314035,
        0.04178108629721533,
        0.03499310725117177,
        0.035379101185552805,
        0.03247863247863247,
        0.032191894127378,
        0.041127653708298885,
        0.03889991728701406,
        0.044609870416322035,
        0.044510614833195454,
        0.07211745244003305,
        0.08810035842293903,
        0.07333333333333344,
        0.0621119382409704,
        0.0515632754342432
    ]
}