{
    "0": [
        0.0,
        0.0,
        0.0,
        0.0,
        0.0,
        0.0,
        0.0,
        0.0,
        0.0,
        0.0,
        0.0,
        0.0,
        0.0,
        0.0,
        0.0,
        0.0,
        0.0,
        0.0,
        0.0,
        0.0
    ],
    "1": [
        0.030500170901219092,
        0.04823971744331776,
        0.06375754813717671,
        0.08304090235843684,
        0.06968212373248264,
        0.05166913523983136,
        0.04196194599521477,
        0.038714822832402865,
        0.03947818161102882,
        0.03878888002734423,
        0.03866355246667424,
        0.04004785234134673,
        0.03784892332231969,
        0.03909080551441267,
        0.03689757320268883,
        0.038925601002620484,
        0.04183661843454482,
        0.038264782955451736,
        0.0733849834795488,
        0.10920587900193694
    ],
    "2": [
        0.05248009398250882,
        0.08830113562198147,
        0.08354327111343168,
        0.0563666623156246,
        0.04234107818822607,
        0.0402036287690902,
        0.0290301527215768,
        0.03139276856807206,
        0.031007701344472,
        0.03116760214071271,
        0.030687899751990582,
        0.031216551364051718,
        0.03162772484009919,
        0.029783970760997258,
        0.030563895052865143,
        0.02959796371230909,
        0.03131444981072968,
        0.05368424487664784,
        0.11273985119436117,
        0.13294935387025195
    ],
    "3": [
        0.05366915827104323,
        0.0883035424114397,
        0.07284692882677937,
        0.05424439389015272,
        0.04015924601884954,
        0.03357491062723434,
        0.027419564510887225,
        0.030588235294117642,
        0.04135846603834904,
        0.060578485537861576,
        0.06333441663958399,
        0.034670133246668844,
        0.028950276243093875,
        0.02871628209294772,
        0.02975625609359762,
        0.03820279493012677,
        0.04073773155671115,
        0.06521611959700997,
        0.09271368215794619,
        0.07495937601559954
    ],
    "4": [
        0.023765045135406223,
        0.030710882647943836,
        0.04158726178535608,
        0.04432673019057171,
        0.05009716649949854,
        0.04308237211634903,
        0.05209064694082254,
        0.045414368104312895,
        0.05446965897693079,
        0.04449912236710136,
        0.0500376128385155,
        0.05399636409227692,
        0.07342026078234702,
        0.11685368605817453,
        0.10428472918756265,
        0.060475175526579675,
        0.023401454363089307,
        0.028767552657973913,
        0.024999999999999994,
        0.03371990972918757
    ],
    "5": [
        0.08902326723555776,
        0.09284179507643195,
        0.060559273129105556,
        0.022331020934372888,
        0.021560562342685267,
        0.022653324329301984,
        0.03000184173368533,
        0.06673215053103318,
        0.08667812634293083,
        0.0733838786911413,
        0.040760636012032656,
        0.028651237031125324,
        0.025418994413407826,
        0.023343974461292875,
        0.027840874209589337,
        0.035849346184541685,
        0.03754681073116822,
        0.06352446436245326,
        0.07459021425501876,
        0.07670820799312424
    ],
    "6": [
        0.036735537190082636,
        0.054027548209366394,
        0.04298898071625345,
        0.0367052341597796,
        0.03061707988980716,
        0.025399449035812684,
        0.023305785123966936,
        0.04253994490358125,
        0.07895316804407713,
        0.09072727272727277,
        0.06536088154269973,
        0.05503581267217631,
        0.04524517906336082,
        0.04933333333333337,
        0.04560055096418727,
        0.04968870523415986,
        0.04882644628099175,
        0.05706887052341592,
        0.06615702479338853,
        0.05568319559228644
    ],
    "7": [
        0.16152841004889568,
        0.1488408362839319,
        0.11063058506154103,
        0.03937784522003038,
        0.036452537514753,
        0.030939133367054446,
        0.03615747765975386,
        0.02868824818748947,
        0.03692463328275162,
        0.029801045354914877,
        0.03314365199797673,
        0.033409205867476,
        0.03259989883662116,
        0.035487270274827155,
        0.03437447310740179,
        0.034083628393188334,
        0.03230905412240769,
        0.03716068116675096,
        0.030079244646771204,
        0.038012139605462826
    ],
    "8": [
        0.04249778259584114,
        0.06204543214743275,
        0.04887405144377649,
        0.0449443185177885,
        0.042896915344436785,
        0.04185227160737163,
        0.040925889425445956,
        0.05723859268749382,
        0.056070759830491784,
        0.05239726027397265,
        0.0644180545974179,
        0.05555829309155414,
        0.04879767418941553,
        0.04431112644131279,
        0.03775500147826937,
        0.04577707696856212,
        0.041041687198186724,
        0.05283827732334672,
        0.06595299103183214,
        0.05380654380605105
    ],
    "9": [
        0.04317617866004962,
        0.06631927212572374,
        0.05805348773090709,
        0.0540915357044389,
        0.048552522746071136,
        0.04850289495450789,
        0.0452136752136752,
        0.05209263854425143,
        0.04663082437275986,
        0.05895781637717124,
        0.082511717673008,
        0.08434243176178663,
        0.05618693134822161,
        0.027173972980424618,
        0.024196305486628048,
        0.030361180038599413,
        0.030372208436724602,
        0.0406561896884477,
        0.05691204852495182,
        0.04569616763165144
    ]
}